<beans
	xmlns="http://www.springframework.org/schema/beans"
	xmlns:context="http://www.springframework.org/schema/context"
	xmlns:mvc="http://www.springframework.org/schema/mvc"
	xmlns:xsi="http://www.w3.org/2001/XMLSchema-instance"
	xsi:schemaLocation="
        http://www.springframework.org/schema/beans     
        http://www.springframework.org/schema/beans/spring-beans-3.0.xsd
        http://www.springframework.org/schema/context 
        http://www.springframework.org/schema/context/spring-context-3.0.xsd
        http://www.springframework.org/schema/mvc
        http://www.springframework.org/schema/mvc/spring-mvc-3.2.xsd">
 
	<context:component-scan base-package="jp.co.ycode.webapp.web" />
	
	<mvc:resources mapping="/resources/**" location="/resources/" />
	<!-- The following 2 set-ups are required to use Tile 3 -->
	<mvc:annotation-driven />
	<mvc:default-servlet-handler />

	<!-- JSP -->
	<!--
	<bean
		class="org.springframework.web.servlet.view.InternalResourceViewResolver">
		<property name="prefix">
			<value>/WEB-INF/pages/</value>
		</property>
		<property name="suffix">
			<value>.jsp</value>
		</property>
	</bean>
	-->

	<!-- Tile 3 -->
	<bean id="viewResolver" class="org.springframework.web.servlet.view.tiles3.TilesViewResolver"/>
	<bean id="tilesConfigurer" class="org.springframework.web.servlet.view.tiles3.TilesConfigurer">
		<property name="definitions">
			<list>
				<value>/WEB-INF/layouts/layouts.xml</value>
				<value>/WEB-INF/pages/pages.xml</value>
			</list>
		</property>
	</bean>

</beans>
