<beans
	xmlns="http://www.springframework.org/schema/beans"
	xmlns:context="http://www.springframework.org/schema/context"
	xmlns:tx="http://www.springframework.org/schema/tx"
	xmlns:xsi="http://www.w3.org/2001/XMLSchema-instance"
	xsi:schemaLocation="
		http://www.springframework.org/schema/beans     
		http://www.springframework.org/schema/beans/spring-beans-3.0.xsd
		http://www.springframework.org/schema/context
		http://www.springframework.org/schema/context/spring-context.xsd
		http://www.springframework.org/schema/tx
		http://www.springframework.org/schema/tx/spring-tx.xsd">

	<context:component-scan base-package="jp.co.ycode.webapp.dao"/>
	
	<bean class="java.net.URI" id="dbUrl">
	    <constructor-arg value="#{systemEnvironment['DATABASE_URL']}"/>
	</bean>

	<bean id="dataSource" class="org.apache.commons.dbcp2.BasicDataSource">
	    <property name="url" value="#{ 'jdbc:postgresql://' + @dbUrl.getHost() + ':' + @dbUrl.getPort() + @dbUrl.getPath() }"/>
	    <property name="username" value="#{ @dbUrl.getUserInfo().split(':')[0] }"/>
	    <property name="password" value="#{ @dbUrl.getUserInfo().split(':')[1] }"/>
	</bean>
	
	<bean id="txnManager" class="org.springframework.orm.hibernate4.HibernateTransactionManager">
		<property name="sessionFactory" ref="sessionFactory"/>
	</bean>
	
	<tx:annotation-driven transaction-manager="txnManager"/>
	
	<bean class="org.springframework.dao.annotation.PersistenceExceptionTranslationPostProcessor"/>
	
	<bean id="sessionFactory" class="org.springframework.orm.hibernate4.LocalSessionFactoryBean">
		<property name="dataSource" ref="dataSource"/>
		<property name="packagesToScan" value="jp.co.ycode.webapp.domain"/>
		<property name="hibernateProperties">
			<props>
				<prop key="hibernate.dialect">org.hibernate.dialect.PostgreSQLDialect</prop>
				<prop key="hibernate.show_sql">true</prop>
				<prop key="hibernate.format_sql">false</prop>
				<prop key="hibernate.generate_statistics">true</prop>
				<prop key="hibernate.hbm2ddl.auto">update</prop>
			</props>
		</property>
	</bean>
	
	<bean id="saveOrUpdateEventListener" class="org.hibernate.event.internal.DefaultSaveOrUpdateEventListener"/>

</beans>