<?xml version="1.0" encoding="UTF-8"?>
<!DOCTYPE tiles-definitions PUBLIC
	"-//Apache Software Foundation//DTD Tiles Configuration 3.0//EN"
	"http://tiles.apache.org/dtds/tiles-config_3_0.dtd">
<tiles-definitions>

	<definition name="welcome" extends="default">
	    <put-attribute name="body" value="/WEB-INF/pages/welcome.jsp" />
	</definition>

	<definition name="login" extends="default">
	    <put-attribute name="body" value="/WEB-INF/pages/login.jsp" />
	    <put-attribute name="body2" value="/WEB-INF/pages/signuplink.jsp" />
	</definition>
	
	<definition name="admin" extends="default">
	    <put-attribute name="body" value="/WEB-INF/pages/admin.jsp" />
	</definition>
	
	<definition name="devroom" extends="default">
	    <put-attribute name="body" value="/WEB-INF/pages/devroom.jsp" />
	</definition>
	
	<definition name="signup" extends="default">
	    <put-attribute name="body" value="/WEB-INF/pages/signup.jsp" />
	</definition>
	
	<definition name="signedup" extends="default">
	    <put-attribute name="body" value="/WEB-INF/pages/signedup.jsp" />
	    <put-attribute name="body2" value="/WEB-INF/pages/login.jsp" />
	</definition>
	
	<definition name="admin/project" extends="default">
	    <put-attribute name="body" value="/WEB-INF/pages/admin/project.jsp" />
	</definition>
	
	<definition name="projectpanel" extends="default">
	    <put-attribute name="body" value="/WEB-INF/pages/projectpanel.jsp" />
	</definition>
	
	<definition name="premiumsignup" extends="default">
	    <put-attribute name="body" value="/WEB-INF/pages/premiumsignup.jsp" />
	</definition>
	
	<definition name="error" extends="default">
	    <put-attribute name="body" value="/WEB-INF/pages/error.jsp" />
	</definition>
	
</tiles-definitions>
